temperatura,tema,texto,continuacion,eos,tokens_nuevos,palabras,distinct2,copia5,jaccard_max,tema_lexico
0.55,memoria,"Simón encontró una piedra tibia en la estación. La guardó en la plaza, el una piedra comenzó a medianoche, la puerta. A medianoche, la estación. So. Sin embargo, la voz decio espacio para el pueblo, la puerta, los pro. A las diez, la se devontaó","Simón encontró una piedra tibia en la estación. La guardó en la plaza, el una piedra comenzó a medianoche, la puerta. A medianoche, la estación. So. Sin embargo, la voz decio espacio para el pueblo, la puerta, los pro. A las diez, la se devontaó",True,72,45,0.8636363636363636,0.0975609756097561,0.10810810810810811,0.0
0.55,ciudad,"A medianoche, Luz encontró un nuento sobre en la estación. A las diez, el ocubrió con todosaciónrviado el preparó un númere, pero a una canciónó la sequ. orilla. La letra día siguiente, peroje, pero a una canciónonta paraas.","A medianoche, Luz encontró un nuento sobre en la estación. A las diez, el ocubrió con todosaciónrviado el preparó un númere, pero a una canciónó la sequ. orilla. La letra día siguiente, peroje, pero a una canciónonta paraas.",True,72,38,0.9459459459459459,0.11764705882352941,0.07042253521126761,0.0
0.55,naturaleza,"Simón encontró una piedra tibia en la a mediodía. A mediodía, la plaza, el una piedra comenzó a las seis, el mdo el fal y comenzó a la plaza. A medianoche, la piedra comenzó a la pantalla, la señales.","Simón encontró una piedra tibia en la a mediodía. A mediodía, la plaza, el una piedra comenzó a las seis, el mdo el fal y comenzó a la plaza. A medianoche, la piedra comenzó a la pantalla, la señales.",True,55,39,0.8157894736842105,0.2,0.15625,0.0
0.55,tecnologia,"A medianoche, Luz encontró un nuento en la plaza. A mediodía, pero la piedra comenzó avido que meió una carta.","A medianoche, Luz encontró un nuento en la plaza. A mediodía, pero la piedra comenzó avido que meió una carta.",True,30,20,1.0,0.125,0.07547169811320754,0.0
0.55,mar,"A medianoche, Luz encontró un nuento sobre en la estación. A las diez, el ocubrió con todosaciónrvos de un números de.","A medianoche, Luz encontró un nuento sobre en la estación. A las diez, el ocubrió con todosaciónrvos de un números de.",True,36,21,1.0,0.23529411764705882,0.09090909090909091,0.0
0.85,memoria,"Simón esperaba una piedralios a casao core en la plaza. A las diez. Diá sequ. L en la plaza junto a alguiens. A mediodía, pero antra una historia, pudoqu la voz de el pueblo, la puerta que los pro. A las diez, peropa fales finla era que el pueblo.","Simón esperaba una piedralios a casao core en la plaza. A las diez. Diá sequ. L en la plaza junto a alguiens. A mediodía, pero antra una historia, pudoqu la voz de el pueblo, la puerta que los pro. A las diez, peropa fales finla era que el pueblo.",True,79,49,0.8958333333333334,0.044444444444444446,0.06097560975609756,0.0
0.85,ciudad,"Simón esperaba una piedralios a mediodía. A las convers la plaza. A las diez, el pueblo. Cuando por siguiente una carta.","Simón esperaba una piedralios a mediodía. A las convers la plaza. A las diez, el pueblo. Cuando por siguiente una carta.",True,30,21,0.95,0.11764705882352941,0.0784313725490196,0.0
0.85,naturaleza,"Simón esperaba una piedralios a mediodía. A las convers la plaza. A las diez, el pueblo. Cuando por siguiente una carta.","Simón esperaba una piedralios a mediodía. A las convers la plaza. A las diez, el pueblo. Cuando por siguiente una carta.",True,30,21,0.95,0.11764705882352941,0.0784313725490196,0.0
0.85,tecnologia,"Simón encontró una piedra tra que la puerta desde un jardín. A mediodía, pero la piedra una piedra. Alido de conocer una carta.","Simón encontró una piedra tra que la puerta desde un jardín. A mediodía, pero la piedra una piedra. Alido de conocer una carta.",True,30,23,0.9545454545454546,0.0,0.03636363636363636,0.0
0.85,mar,Simón esperaba una carta finguió la puerta una convers. Ed recogerla. A el pueblo. Cuando porn día siguiente.,Simón esperaba una carta finguió la puerta una convers. Ed recogerla. A el pueblo. Cuando porn día siguiente.,True,30,18,1.0,0.0,0.037037037037037035,0.0
1.15,memoria,"Simón espercaba una ciudadñguao dónde en la im losde, Ana una pueblo.ido que mediodía. L creos siguiente siguiente, LuzglaEnar el manual que toda conversóubolo.","Simón espercaba una ciudadñguao dónde en la im losde, Ana una pueblo.ido que mediodía. L creos siguiente siguiente, LuzglaEnar el manual que toda conversóubolo.",True,48,25,1.0,0.0,0.0,0.0
1.15,ciudad,"Simón espercci una repar en la cancióno un La gu. Ede, pudo una pueblo. un pequeaciónrvos siguiente, encontró un bla para todos y una mantraó la las diez. Esnas comgió la mañanapr junto a vola en las diez, lasaveres decióla. Sontaó una praba sutaciccen aarti escuch, la ventanació el pueblo. A medianoche, comenzó aúó cada durante. Desde entonces cambi, unnterientesienver la mañana siguienteaba as le con cada vez","Simón espercci una repar en la cancióno un La gu. Ede, pudo una pueblo. un pequeaciónrvos siguiente, encontró un bla para todos y una mantraó la las diez. Esnas comgió la mañanapr junto a vola en las diez, lasaveres decióla. Sontaó una praba sutaciccen aarti escuch, la ventanació el pueblo. A medianoche, comenzó aúó cada durante. Desde entonces cambi, unnterientesienver la mañana siguienteaba as le con cada vez",False,130,68,0.9850746268656716,0.0,0.020202020202020204,0.0
1.15,naturaleza,"Simón espercci las reparaba bar fras Nadie La gu. Eí, pero a una pueblo.ido que meió una carta.","Simón espercci las reparaba bar fras Nadie La gu. Eí, pero a una pueblo.ido que meió una carta.",True,30,19,1.0,0.0,0.0,0.0
1.15,tecnologia,"Simón unc una una encontró un robotemar en la. Edando, el una pueblo.ido que meió una carta.","Simón unc una una encontró un robotemar en la. Edando, el una pueblo.ido que meió una carta.",True,30,18,1.0,0.0,0.0,0.0
1.15,mar,"Simón esperc una una reparó una casa la puerta en la. Edando, a una pueblo. un que meió una carta.","Simón esperc una una reparó una casa la puerta en la. Edando, a una pueblo. un que meió una carta.",True,30,20,1.0,0.0,0.0,0.0
