tema,consulta,hit1,hit3
memoria,una carta con recuerdos de la infancia,1.0,1.0
memoria,una fotografía y el recuerdo de una casa,0.0,1.0
ciudad,un bus recorre las calles del barrio,1.0,1.0
ciudad,ventanas y edificios en una ciudad,1.0,1.0
naturaleza,un árbol crece junto al río,1.0,1.0
naturaleza,las flores y las semillas de un jardín,1.0,1.0
tecnologia,un robot aprende a hablar con una máquina,1.0,1.0
tecnologia,una pantalla y un servidor guardan mensajes,1.0,1.0
mar,un barco y una isla en el océano,1.0,1.0
mar,una carta llega con las olas del mar,1.0,1.0
